<ImportExportXml xmlns:xsi="http://www.w3.org/2001/XMLSchema-instance">
  <Entities>
    <Entity>
      <Name LocalizedName="Business Unit" OriginalName="">BusinessUnit</Name>
      <EntityInfo>
        <entity Name="BusinessUnit">
          <attributes>
            <attribute PhysicalName="saleswin_TeamsChannelID">
              <Type>nvarchar</Type>
              <Name>saleswin_teamschannelid</Name>
              <LogicalName>saleswin_teamschannelid</LogicalName>
              <RequiredLevel>none</RequiredLevel>
              <DisplayMask>ValidForAdvancedFind|ValidForForm|ValidForGrid</DisplayMask>
              <ImeMode>auto</ImeMode>
              <ValidForUpdateApi>1</ValidForUpdateApi>
              <ValidForReadApi>1</ValidForReadApi>
              <ValidForCreateApi>1</ValidForCreateApi>
              <IsCustomField>1</IsCustomField>
              <IsAuditEnabled>1</IsAuditEnabled>
              <IsSecured>0</IsSecured>
              <IntroducedVersion>1.0.0.1</IntroducedVersion>
              <IsCustomizable>1</IsCustomizable>
              <IsRenameable>1</IsRenameable>
              <CanModifySearchSettings>1</CanModifySearchSettings>
              <CanModifyRequirementLevelSettings>1</CanModifyRequirementLevelSettings>
              <CanModifyAdditionalSettings>1</CanModifyAdditionalSettings>
              <SourceType>0</SourceType>
              <IsGlobalFilterEnabled>0</IsGlobalFilterEnabled>
              <IsSortableEnabled>0</IsSortableEnabled>
              <CanModifyGlobalFilterSettings>1</CanModifyGlobalFilterSettings>
              <CanModifyIsSortableSettings>1</CanModifyIsSortableSettings>
              <IsDataSourceSecret>0</IsDataSourceSecret>
              <AutoNumberFormat></AutoNumberFormat>
              <IsSearchable>0</IsSearchable>
              <IsFilterable>0</IsFilterable>
              <IsRetrievable>0</IsRetrievable>
              <IsLocalizable>0</IsLocalizable>
              <Format>text</Format>
              <MaxLength>100</MaxLength>
              <Length>200</Length>
              <displaynames>
                <displayname description="Teams Channel ID" languagecode="1033" />
              </displaynames>
              <Descriptions>
                <Description description="" languagecode="1033" />
              </Descriptions>
            </attribute>
            <attribute PhysicalName="saleswin_TeamsID">
              <Type>nvarchar</Type>
              <Name>saleswin_teamsid</Name>
              <LogicalName>saleswin_teamsid</LogicalName>
              <RequiredLevel>none</RequiredLevel>
              <DisplayMask>ValidForAdvancedFind|ValidForForm|ValidForGrid</DisplayMask>
              <ImeMode>auto</ImeMode>
              <ValidForUpdateApi>1</ValidForUpdateApi>
              <ValidForReadApi>1</ValidForReadApi>
              <ValidForCreateApi>1</ValidForCreateApi>
              <IsCustomField>1</IsCustomField>
              <IsAuditEnabled>1</IsAuditEnabled>
              <IsSecured>0</IsSecured>
              <IntroducedVersion>1.0.0.1</IntroducedVersion>
              <IsCustomizable>1</IsCustomizable>
              <IsRenameable>1</IsRenameable>
              <CanModifySearchSettings>1</CanModifySearchSettings>
              <CanModifyRequirementLevelSettings>1</CanModifyRequirementLevelSettings>
              <CanModifyAdditionalSettings>1</CanModifyAdditionalSettings>
              <SourceType>0</SourceType>
              <IsGlobalFilterEnabled>0</IsGlobalFilterEnabled>
              <IsSortableEnabled>0</IsSortableEnabled>
              <CanModifyGlobalFilterSettings>1</CanModifyGlobalFilterSettings>
              <CanModifyIsSortableSettings>1</CanModifyIsSortableSettings>
              <IsDataSourceSecret>0</IsDataSourceSecret>
              <AutoNumberFormat></AutoNumberFormat>
              <IsSearchable>0</IsSearchable>
              <IsFilterable>0</IsFilterable>
              <IsRetrievable>0</IsRetrievable>
              <IsLocalizable>0</IsLocalizable>
              <Format>text</Format>
              <MaxLength>100</MaxLength>
              <Length>200</Length>
              <displaynames>
                <displayname description="Teams ID" languagecode="1033" />
              </displaynames>
              <Descriptions>
                <Description description="" languagecode="1033" />
              </Descriptions>
            </attribute>
          </attributes>
        </entity>
      </EntityInfo>
      <FormXml>
        <forms type="main">
          <systemform>
            <formid>{b619b5f7-1d10-ed11-b83d-000d3a45d3db}</formid>
            <IntroducedVersion>1.0.0.1</IntroducedVersion>
            <FormPresentation>1</FormPresentation>
            <FormActivationState>1</FormActivationState>
            <form headerdensity="HighWithControls">
              <tabs>
                <tab name="general" verticallayout="true" id="{cfab2cf1-b18a-47e0-aaab-652d981e0b15}" IsUserDefined="0" labelid="{a3555b07-d712-4bc4-aece-4adab67bbb51}">
                  <labels>
                    <label description="General" languagecode="1033" />
                  </labels>
                  <columns>
                    <column width="100%">
                      <sections>
                        <section name="section 1" showlabel="false" showbar="false" id="{73df77a5-246c-4457-a19f-a603d0c42dc5}" IsUserDefined="0" labelid="{f5b60ecd-5d85-4658-a682-369e1e310278}">
                          <labels>
                            <label description="Section 1" languagecode="1033" />
                          </labels>
                          <rows>
                            <row>
                              <cell id="{7d7e8b42-03aa-4d9a-b73c-21c0fcb989e5}" labelid="{9fa9230e-1c7c-4fc5-b8ea-213285140cf4}">
                                <labels>
                                  <label description="Name" languagecode="1033" />
                                  <label description="Navn" languagecode="1044" />
                                </labels>
                                <control id="name" classid="{4273EDBD-AC1D-40d3-9FB2-095C621B552D}" datafieldname="name" />
                              </cell>
                              <cell id="{a8e18bfd-9192-4bae-9f2b-14dac7543d86}" locklevel="0" colspan="1" rowspan="1">
                                <labels>
                                  <label description="Teams ID" languagecode="1033" />
                                </labels>
                                <control id="saleswin_teamsid" classid="{4273EDBD-AC1D-40D3-9FB2-095C621B552D}" datafieldname="saleswin_teamsid" disabled="false" />
                              </cell>
                            </row>
                            <row>
                              <cell id="{02d736ce-1596-4b8a-ae5f-876e47808aba}" labelid="{21518066-8d15-4589-855b-8c355621aedb}">
                                <labels>
                                  <label description="Parent Business" languagecode="1033" />
                                  <label description="Overordnet selskap" languagecode="1044" />
                                </labels>
                                <control id="parentbusinessunitid" classid="{270BD3DB-D9AF-4782-9025-509E298DEC0A}" datafieldname="parentbusinessunitid" />
                              </cell>
                              <cell id="{da01dcd3-c1a8-4b6a-986e-05eb5ca468c7}" locklevel="0" colspan="1" rowspan="1" labelid="{0b7853be-4ed1-4f7b-b0a5-23dc1dd5f4c8}">
                                <labels>
                                  <label description="Teams Channel ID" languagecode="1033" />
                                </labels>
                                <control id="saleswin_teamschannelid" classid="{4273EDBD-AC1D-40D3-9FB2-095C621B552D}" datafieldname="saleswin_teamschannelid" disabled="false" />
                              </cell>
                            </row>
                          </rows>
                        </section>
                      </sections>
                    </column>
                  </columns>
                </tab>
                <tab name="addresses" id="{3ff9204b-c090-4264-ab41-4d0fd3fb77cc}" IsUserDefined="0" labelid="{234d8e88-03a3-4598-bc6e-c16eafc2991b}">
                  <labels>
                    <label description="Addresses" languagecode="1033" />
                  </labels>
                  <columns>
                    <column width="100%">
                      <sections>
                        <section name="bill to address" showlabel="true" showbar="true" id="{df597351-a325-44d3-b356-d5f1e98e6553}" IsUserDefined="0" labelid="{4fac8505-f92a-4d59-9ead-d1e907d409ae}">
                          <labels>
                            <label description="Bill To Address" languagecode="1033" />
                          </labels>
                          <rows>
                            <row>
                              <cell id="{744ba048-b3bc-4545-bebb-adcfa6009a14}" labelid="{6844cfb0-bfa2-4966-8a70-fb10eea01ee1}">
                                <labels>
                                  <label description="Street 1" languagecode="1033" />
                                  <label description="Fakturagate/-vei 1" languagecode="1044" />
                                </labels>
                                <control id="address1_line1" classid="{4273EDBD-AC1D-40d3-9FB2-095C621B552D}" datafieldname="address1_line1" />
                              </cell>
                              <cell id="{e9040c00-9980-4a84-b08c-d8dc65768403}" labelid="{97e09cc1-7b1b-4d01-bde1-e3723fcc0d34}">
                                <labels>
                                  <label description="State/Province" languagecode="1033" />
                                  <label description="Fakturadelstat/område" languagecode="1044" />
                                </labels>
                                <control id="address1_stateorprovince" classid="{4273EDBD-AC1D-40d3-9FB2-095C621B552D}" datafieldname="address1_stateorprovince" />
                              </cell>
                            </row>
                            <row>
                              <cell id="{4e1c8d2b-19c2-43ce-b81a-1abe9c316391}" labelid="{0cdcefe3-d82a-4d14-942b-ecbd57d3d8d6}">
                                <labels>
                                  <label description="Street 2" languagecode="1033" />
                                  <label description="Fakturagate/-vei 2" languagecode="1044" />
                                </labels>
                                <control id="address1_line2" classid="{4273EDBD-AC1D-40d3-9FB2-095C621B552D}" datafieldname="address1_line2" />
                              </cell>
                              <cell id="{85960798-95cf-4b23-bada-e9c3369fcb80}" labelid="{0aeb1912-455d-4d66-91b7-58cacb626df7}">
                                <labels>
                                  <label description="ZIP/Postal Code" languagecode="1033" />
                                  <label description="Fakturapostnummer" languagecode="1044" />
                                </labels>
                                <control id="address1_postalcode" classid="{4273EDBD-AC1D-40d3-9FB2-095C621B552D}" datafieldname="address1_postalcode" />
                              </cell>
                            </row>
                            <row>
                              <cell id="{d550e828-3d74-4d8c-80f0-967f497166b2}" labelid="{fe1dff31-e1be-4343-ad14-b078c50dbd19}">
                                <labels>
                                  <label description="Street 3" languagecode="1033" />
                                  <label description="Fakturagate/-vei 3" languagecode="1044" />
                                </labels>
                                <control id="address1_line3" classid="{4273EDBD-AC1D-40d3-9FB2-095C621B552D}" datafieldname="address1_line3" />
                              </cell>
                              <cell id="{6337a755-0480-40ea-ac6a-34e89e13e88f}" labelid="{1ba70300-9c39-4487-a577-2d5b9e11fe1a}">
                                <labels>
                                  <label description="Country/Region" languagecode="1033" />
                                  <label description="Fakturaland/-område" languagecode="1044" />
                                </labels>
                                <control id="address1_country" classid="{4273EDBD-AC1D-40d3-9FB2-095C621B552D}" datafieldname="address1_country" />
                              </cell>
                            </row>
                            <row>
                              <cell id="{35874209-8122-4066-b1fc-c25b9554f250}" labelid="{1d9d50eb-f40b-4cad-a2d6-085dc91dd174}">
                                <labels>
                                  <label description="City" languagecode="1033" />
                                  <label description="Fakturapoststed" languagecode="1044" />
                                </labels>
                                <control id="address1_city" classid="{4273EDBD-AC1D-40d3-9FB2-095C621B552D}" datafieldname="address1_city" />
                              </cell>
                              <cell id="{ab02de6b-ddcc-4fb2-a8b8-62188a881ac9}" labelid="{dce6713c-3736-4e52-a951-9a62d7307517}">
                                <labels>
                                  <label description="" languagecode="1033" />
                                </labels>
                              </cell>
                            </row>
                          </rows>
                        </section>
                        <section name="ship to address" showlabel="true" showbar="true" id="{e7f7fb01-ff2f-40ad-bdfc-534f1a71ea5f}" IsUserDefined="0" labelid="{48889449-a8e9-45f9-8e1d-f1c84b35f6f6}">
                          <labels>
                            <label description="Ship To Address" languagecode="1033" />
                          </labels>
                          <rows>
                            <row>
                              <cell id="{e5b43d8e-f2f2-4215-ba72-052aeefffe9f}" labelid="{32d8d3d0-4984-4dea-a675-be5b7f1d501f}">
                                <labels>
                                  <label description="Street 1" languagecode="1033" />
                                  <label description="Leveringsgate/-vei 1" languagecode="1044" />
                                </labels>
                                <control id="address2_line1" classid="{4273EDBD-AC1D-40d3-9FB2-095C621B552D}" datafieldname="address2_line1" />
                              </cell>
                              <cell id="{ca2eb859-3be5-42ab-8fc8-2dcae6d53ac4}" labelid="{1cfef094-1477-4fe9-a17e-4c9c5b62d2b9}">
                                <labels>
                                  <label description="State/Province" languagecode="1033" />
                                  <label description="Leveringsdelstat/område" languagecode="1044" />
                                </labels>
                                <control id="address2_stateorprovince" classid="{4273EDBD-AC1D-40d3-9FB2-095C621B552D}" datafieldname="address2_stateorprovince" />
                              </cell>
                            </row>
                            <row>
                              <cell id="{0809f182-9acd-4249-b8f5-66b452848038}" labelid="{75858777-1b8b-4f79-8a4f-87499cd28af4}">
                                <labels>
                                  <label description="Street 2" languagecode="1033" />
                                  <label description="Leveringsgate/-vei 2" languagecode="1044" />
                                </labels>
                                <control id="address2_line2" classid="{4273EDBD-AC1D-40d3-9FB2-095C621B552D}" datafieldname="address2_line2" />
                              </cell>
                              <cell id="{6d606673-50d9-4c50-a5b7-4c4d0a4dd6e6}" labelid="{7472d99d-8b8f-4fcd-b8a4-170fc70d4d6d}">
                                <labels>
                                  <label description="ZIP/Postal Code" languagecode="1033" />
                                  <label description="Leveringspostnummer" languagecode="1044" />
                                </labels>
                                <control id="address2_postalcode" classid="{4273EDBD-AC1D-40d3-9FB2-095C621B552D}" datafieldname="address2_postalcode" />
                              </cell>
                            </row>
                            <row>
                              <cell id="{3d931cc0-4998-476c-aff0-1a36f48df8d1}" labelid="{b3255ac3-c7d4-4188-87bb-66b69264f366}">
                                <labels>
                                  <label description="Street 3" languagecode="1033" />
                                  <label description="Leveringsgate/-vei 3" languagecode="1044" />
                                </labels>
                                <control id="address2_line3" classid="{4273EDBD-AC1D-40d3-9FB2-095C621B552D}" datafieldname="address2_line3" />
                              </cell>
                              <cell id="{7ff00311-3202-4b6b-8b72-a69b4222cf98}" labelid="{55fc2cab-6104-43b0-8691-bee4406ceb6e}">
                                <labels>
                                  <label description="Country/Region" languagecode="1033" />
                                  <label description="Leveringsland/-område" languagecode="1044" />
                                </labels>
                                <control id="address2_country" classid="{4273EDBD-AC1D-40d3-9FB2-095C621B552D}" datafieldname="address2_country" />
                              </cell>
                            </row>
                            <row>
                              <cell id="{aedc50d3-8a40-487d-888f-4b0d70d62ef4}" labelid="{c4a471f7-6e94-4cff-9160-c308e80f948e}">
                                <labels>
                                  <label description="City" languagecode="1033" />
                                  <label description="Leveringspoststed" languagecode="1044" />
                                </labels>
                                <control id="address2_city" classid="{4273EDBD-AC1D-40d3-9FB2-095C621B552D}" datafieldname="address2_city" />
                              </cell>
                              <cell id="{7a134fec-fced-4ded-a58c-d3e455678d67}" labelid="{7d8039c0-b4f4-4e69-a6ca-1ec83978f621}">
                                <labels>
                                  <label description="" languagecode="1033" />
                                </labels>
                              </cell>
                            </row>
                          </rows>
                        </section>
                      </sections>
                    </column>
                  </columns>
                </tab>
              </tabs>
              <header id="{64216060-bb9e-4f15-9e89-69d062d1e873}" celllabelposition="Top" columns="111" labelwidth="115" celllabelalignment="Left">
                <rows>
                  <row>
                    <cell id="{2f73f95b-270f-4dbc-bec6-f575285d04c7}" showlabel="false" labelid="{a280dded-9629-47b3-a0f7-f9714e08a7ea}">
                      <labels>
                        <label description="" languagecode="1033" />
                      </labels>
                    </cell>
                    <cell id="{e2a296e4-226d-4420-bca9-b29ea9f8672b}" showlabel="false" labelid="{ced0ad9e-0357-42e2-9394-7a1eb7f03ab7}">
                      <labels>
                        <label description="" languagecode="1033" />
                      </labels>
                    </cell>
                    <cell id="{04361ab0-9e6e-42f8-871a-f5bc04f766ff}" showlabel="false" labelid="{d2b0ba71-be5d-4c83-9a18-9f587f827215}">
                      <labels>
                        <label description="" languagecode="1033" />
                      </labels>
                    </cell>
                  </row>
                </rows>
              </header>
              <footer id="{49e9a39c-4271-489c-bd1d-1df6dbd3061a}" celllabelposition="Top" columns="111" labelwidth="115" celllabelalignment="Left">
                <rows>
                  <row>
                    <cell id="{8cde8170-9997-44f2-a451-8a56fbda640c}" showlabel="false" labelid="{ddc55b7b-229d-4bf6-b69d-d5a8559047be}">
                      <labels>
                        <label description="" languagecode="1033" />
                      </labels>
                    </cell>
                    <cell id="{5e34cc71-ef66-48ba-b73b-aff657562a42}" showlabel="false" labelid="{c7f8b570-be2e-4366-97f9-a3f6125ab3d3}">
                      <labels>
                        <label description="" languagecode="1033" />
                      </labels>
                    </cell>
                    <cell id="{eb0a82d0-c221-4b11-8ac6-4ce9e68bca2c}" showlabel="false" labelid="{da16d794-d234-4eb3-9adf-3bf418ccbb64}">
                      <labels>
                        <label description="" languagecode="1033" />
                      </labels>
                    </cell>
                  </row>
                </rows>
              </footer>
              <DisplayConditions Order="1" FallbackForm="true">
                <Role Id="{627090ff-40a3-4053-8790-584edc5be201}" />
                <Role Id="{119f245c-3cc8-4b62-b31c-d1a046ced15d}" />
                <Role Id="{f2d49172-82f7-4f2d-b238-217264a12520}" />
                <Role Id="{7976db29-a0a1-4d74-8029-38c7376ce264}" />
                <Role Id="{231449e9-88f0-4384-a259-442e2398b867}" />
                <Role Id="{f1438261-dff7-434d-81e7-91a9531d8154}" />
                <Role Id="{21de3e29-1bac-4277-a457-d52a738062a8}" />
                <Role Id="{592b9f74-6671-420a-9321-d6f93ed02c7d}" />
              </DisplayConditions>
            </form>
            <IsCustomizable>1</IsCustomizable>
            <CanBeDeleted>1</CanBeDeleted>
            <LocalizedNames>
              <LocalizedName description="Business Unit main form" languagecode="1033" />
            </LocalizedNames>
            <Descriptions>
              <Description description="A form for this entity." languagecode="1033" />
            </Descriptions>
          </systemform>
        </forms>
      </FormXml>
      <RibbonDiffXml>
        <RibbonNotSupported />
      </RibbonDiffXml>
    </Entity>
    <Entity>
      <Name LocalizedName="Opportunity" OriginalName="Opportunity">Opportunity</Name>
      <EntityInfo>
        <entity Name="Opportunity" unmodified="1">
          <attributes />
        </entity>
      </EntityInfo>
      <RibbonDiffXml>
        <CustomActions />
        <Templates>
          <RibbonTemplates Id="Mscrm.Templates"></RibbonTemplates>
        </Templates>
        <CommandDefinitions />
        <RuleDefinitions>
          <TabDisplayRules />
          <DisplayRules />
          <EnableRules />
        </RuleDefinitions>
        <LocLabels />
      </RibbonDiffXml>
    </Entity>
  </Entities>
  <Roles></Roles>
  <Workflows>
    <Workflow WorkflowId="{8c876bba-3a02-ed11-82e5-000d3aae94c5}" Name="CloseOpptyPostTeams">
      <JsonFileName>/Workflows/CloseOpptyPostTeams-8C876BBA-3A02-ED11-82E5-000D3AAE94C5.json</JsonFileName>
      <Type>1</Type>
      <Subprocess>0</Subprocess>
      <Category>5</Category>
      <Mode>0</Mode>
      <Scope>4</Scope>
      <OnDemand>0</OnDemand>
      <TriggerOnCreate>0</TriggerOnCreate>
      <TriggerOnDelete>0</TriggerOnDelete>
      <AsyncAutodelete>0</AsyncAutodelete>
      <SyncWorkflowLogOnFailure>0</SyncWorkflowLogOnFailure>
      <StateCode>1</StateCode>
      <StatusCode>2</StatusCode>
      <RunAs>1</RunAs>
      <IsTransacted>1</IsTransacted>
      <IntroducedVersion>1.0.0.1</IntroducedVersion>
      <IsCustomizable>1</IsCustomizable>
      <BusinessProcessType>0</BusinessProcessType>
      <IsCustomProcessingStepAllowedForOtherPublishers>1</IsCustomProcessingStepAllowedForOtherPublishers>
      <PrimaryEntity>none</PrimaryEntity>
      <LocalizedNames>
        <LocalizedName languagecode="1033" description="CloseOpptyPostTeams" />
      </LocalizedNames>
    </Workflow>
    <Workflow WorkflowId="{1aafe5d6-50e0-49ae-944a-f32c8293f134}" Name="Action - CloseOppty">
      <XamlFileName>/Workflows/Action-CloseOppty-1AAFE5D6-50E0-49AE-944A-F32C8293F134.xaml</XamlFileName>
      <Type>1</Type>
      <Subprocess>0</Subprocess>
      <Category>3</Category>
      <Mode>0</Mode>
      <Scope>4</Scope>
      <OnDemand>0</OnDemand>
      <TriggerOnCreate>0</TriggerOnCreate>
      <TriggerOnDelete>0</TriggerOnDelete>
      <AsyncAutodelete>0</AsyncAutodelete>
      <SyncWorkflowLogOnFailure>1</SyncWorkflowLogOnFailure>
      <StateCode>1</StateCode>
      <StatusCode>2</StatusCode>
      <CreateStage>40</CreateStage>
      <RunAs>1</RunAs>
      <SdkMessageId>{ff6173eb-bb03-ed11-82e5-000d3abcf169}</SdkMessageId>
      <UniqueName>ActionCloseOppty</UniqueName>
      <IsTransacted>1</IsTransacted>
      <IntroducedVersion>1.0.0.1</IntroducedVersion>
      <IsCustomizable>1</IsCustomizable>
      <FormId>{00000000-0000-0000-0000-000000000000}</FormId>
      <IsCustomProcessingStepAllowedForOtherPublishers>1</IsCustomProcessingStepAllowedForOtherPublishers>
      <PrimaryEntity>Opportunity</PrimaryEntity>
      <LocalizedNames>
        <LocalizedName languagecode="1033" description="Action - CloseOppty" />
      </LocalizedNames>
    </Workflow>
  </Workflows>
  <FieldSecurityProfiles></FieldSecurityProfiles>
  <Templates />
  <EntityMaps />
  <EntityRelationships />
  <OrganizationSettings />
  <optionsets />
  <WebResources>
    <WebResource>
      <WebResourceId>{7851935f-edfb-ec11-82e5-0022489a4957}</WebResourceId>
      <Name>saleswin_OpptyButtonWin</Name>
      <DisplayName>Opportunity Button WIN</DisplayName>
      <WebResourceType>3</WebResourceType>
      <IntroducedVersion>1.0.0.0</IntroducedVersion>
      <IsEnabledForMobileClient>0</IsEnabledForMobileClient>
      <IsAvailableForMobileOffline>0</IsAvailableForMobileOffline>
      <DependencyXml>&lt;Dependencies&gt;&lt;Dependency componentType="WebResource"/&gt;&lt;/Dependencies&gt;</DependencyXml>
      <IsCustomizable>1</IsCustomizable>
      <CanBeDeleted>1</CanBeDeleted>
      <IsHidden>0</IsHidden>
      <FileName>/WebResources/saleswin_OpptyButtonWin7851935F-EDFB-EC11-82E5-0022489A4957</FileName>
    </WebResource>
    <WebResource>
      <WebResourceId>{a6356bfd-edfb-ec11-82e5-0022489a4957}</WebResourceId>
      <Name>saleswin_SalesWinIcon</Name>
      <DisplayName>Sales Win Icon</DisplayName>
      <WebResourceType>11</WebResourceType>
      <IntroducedVersion>1.0.0.0</IntroducedVersion>
      <IsEnabledForMobileClient>0</IsEnabledForMobileClient>
      <IsAvailableForMobileOffline>0</IsAvailableForMobileOffline>
      <DependencyXml>&lt;Dependencies&gt;&lt;Dependency componentType="WebResource"/&gt;&lt;/Dependencies&gt;</DependencyXml>
      <IsCustomizable>1</IsCustomizable>
      <CanBeDeleted>1</CanBeDeleted>
      <IsHidden>0</IsHidden>
      <FileName>/WebResources/saleswin_SalesWinIconA6356BFD-EDFB-EC11-82E5-0022489A4957</FileName>
    </WebResource>
  </WebResources>
  <CustomControls />
  <AppModuleSiteMaps>
    <AppModuleSiteMap>
      <SiteMapUniqueName>saleswin_SalesWin</SiteMapUniqueName>
      <EnableCollapsibleGroups>False</EnableCollapsibleGroups>
      <ShowHome>True</ShowHome>
      <ShowPinned>True</ShowPinned>
      <ShowRecents>True</ShowRecents>
      <SiteMap IntroducedVersion="7.0.0.0">
        <Area Id="area_9a14019e" ResourceId="SitemapDesigner.NewTitle" DescriptionResourceId="SitemapDesigner.NewTitle" ShowGroups="true" IntroducedVersion="7.0.0.0">
          <Titles>
            <Title LCID="1033" Title="Area1" />
          </Titles>
          <Group Id="group_d8b3b5a1" ResourceId="SitemapDesigner.NewGroup" DescriptionResourceId="SitemapDesigner.NewGroup" IntroducedVersion="7.0.0.0" IsProfile="false" ToolTipResourseId="SitemapDesigner.Unknown">
            <Titles>
              <Title LCID="1033" Title="Sales" />
            </Titles>
            <SubArea Id="subarea_e2871171" Icon="/_imgs/imagestrips/transparent_spacer.gif" Entity="account" Client="All,Outlook,OutlookLaptopClient,OutlookWorkstationClient,Web" AvailableOffline="true" PassParams="false" Sku="All,OnPremise,Live,SPLA" />
            <SubArea Id="subarea_cd65cbef" Icon="/_imgs/imagestrips/transparent_spacer.gif" Entity="contact" Client="All,Outlook,OutlookLaptopClient,OutlookWorkstationClient,Web" AvailableOffline="true" PassParams="false" Sku="All,OnPremise,Live,SPLA" />
            <SubArea Id="subarea_559d3183" Icon="/_imgs/imagestrips/transparent_spacer.gif" Entity="opportunity" Client="All,Outlook,OutlookLaptopClient,OutlookWorkstationClient,Web" AvailableOffline="true" PassParams="false" Sku="All,OnPremise,Live,SPLA" />
          </Group>
          <Group Id="Setup" ResourceId="SitemapDesigner.NewGroup" DescriptionResourceId="SitemapDesigner.NewGroup" IntroducedVersion="7.0.0.0" IsProfile="false" ToolTipResourseId="SitemapDesigner.Unknown">
            <Titles>
              <Title LCID="1033" Title="Setup" />
            </Titles>
            <SubArea Id="subarea_31aa835c" Icon="/_imgs/imagestrips/transparent_spacer.gif" Entity="systemuser" Client="All,Outlook,OutlookLaptopClient,OutlookWorkstationClient,Web" AvailableOffline="true" PassParams="false" Sku="All,OnPremise,Live,SPLA" />
            <SubArea Id="subarea_412024a7" Icon="/_imgs/imagestrips/transparent_spacer.gif" Entity="businessunit" Client="All,Outlook,OutlookLaptopClient,OutlookWorkstationClient,Web" AvailableOffline="true" PassParams="false" Sku="All,OnPremise,Live,SPLA" />
          </Group>
        </Area>
      </SiteMap>
      <LocalizedNames>
        <LocalizedName description="Sales Win" languagecode="1033" />
      </LocalizedNames>
    </AppModuleSiteMap>
  </AppModuleSiteMaps>
  <AppModules>
    <AppModule>
      <UniqueName>saleswin_SalesWin</UniqueName>
      <IntroducedVersion>1.0.0.0</IntroducedVersion>
      <WebResourceId>953b9fac-1e5e-e611-80d6-00155ded156f</WebResourceId>
      <OptimizedFor></OptimizedFor>
      <statecode>0</statecode>
      <statuscode>1</statuscode>
      <FormFactor>1</FormFactor>
      <ClientType>4</ClientType>
      <NavigationType>0</NavigationType>
      <AppModuleComponents>
        <AppModuleComponent type="1" schemaName="account" />
        <AppModuleComponent type="1" schemaName="contact" />
        <AppModuleComponent type="1" schemaName="opportunity" />
        <AppModuleComponent type="1" schemaName="businessunit" />
        <AppModuleComponent type="60" id="{b619b5f7-1d10-ed11-b83d-000d3a45d3db}" />
        <AppModuleComponent type="1" schemaName="systemuser" />
        <AppModuleComponent type="62" schemaName="saleswin_SalesWin" />
      </AppModuleComponents>
      <AppModuleRoleMaps>
        <Role id="{627090ff-40a3-4053-8790-584edc5be201}" />
        <Role id="{119f245c-3cc8-4b62-b31c-d1a046ced15d}" />
      </AppModuleRoleMaps>
      <LocalizedNames>
        <LocalizedName description="Sales Win" languagecode="1033" />
      </LocalizedNames>
      <appelements>
        <appelement uniquename="saleswin_saleswin_SalesWin_canvasappid_saleswin_saleswin_c0947">
          <canvasappid>
            <name>saleswin_saleswin_c0947</name>
          </canvasappid>
          <iscustomizable>1</iscustomizable>
          <name>saleswin_saleswin_SalesWin_canvasappid_saleswin_saleswin_c0947</name>
        </appelement>
        <appelement uniquename="saleswin_saleswin_SalesWin_canvasappid_saleswin_saleswindefaultcommandlibrary_24b9a">
          <canvasappid>
            <name>saleswin_saleswindefaultcommandlibrary_24b9a</name>
          </canvasappid>
          <iscustomizable>1</iscustomizable>
          <name>saleswin_saleswin_SalesWin_canvasappid_saleswin_saleswindefaultcommandlibrary_24b9a</name>
        </appelement>
      </appelements>
    </AppModule>
  </AppModules>
  <EntityDataProviders />
  <CanvasApps>
    <CanvasApp>
      <Name>saleswin_saleswindefaultcommandlibrary_24b9a</Name>
      <AppVersion>2022-07-06T22:27:23Z</AppVersion>
      <Status>Ready</Status>
      <CreatedByClientVersion>3.22063.13.0</CreatedByClientVersion>
      <MinClientVersion>0.0.0.0</MinClientVersion>
      <Tags>{"primaryDeviceWidth":"640","primaryDeviceHeight":"1136","sienaVersion":"20220706T220235Z-3.22063.13.0","deviceCapabilities":"","supportsPortrait":"true","supportsLandscape":"false","primaryFormFactor":"Phone","publisherVersion":"3.22063.13.0","minimumRequiredApiVersion":"2.2.0","hasComponent":"true","hasUnlockedComponent":"true","isUnifiedRootApp":"false"}</Tags>
      <IsCdsUpgraded>0</IsCdsUpgraded>
      <GalleryItemId xsi:nil="true"></GalleryItemId>
      <BackgroundColor>rgba(0, 176, 240, 1)</BackgroundColor>
      <DisplayName>SalesWin_DefaultCommandLibrary</DisplayName>
      <Description xsi:nil="true"></Description>
      <CommitMessage>Saved by Command designer.</CommitMessage>
      <Publisher></Publisher>
      <AuthorizationReferences>[]</AuthorizationReferences>
      <ConnectionReferences>{}</ConnectionReferences>
      <DatabaseReferences>{"default.cds":{"databaseDetails":{"referenceType":"Environmental","environmentName":"default.cds"},"dataSources":{"Opportunities":{"entitySetName":"opportunities","logicalName":"opportunity"}}}}</DatabaseReferences>
      <AppComponents>[]</AppComponents>
      <AppComponentDependencies>[]</AppComponentDependencies>
      <CanConsumeAppPass>1</CanConsumeAppPass>
      <CanvasAppType>1</CanvasAppType>
      <BypassConsent>0</BypassConsent>
      <AdminControlBypassConsent>0</AdminControlBypassConsent>
      <EmbeddedApp xsi:nil="true"></EmbeddedApp>
      <IntroducedVersion>1.0</IntroducedVersion>
      <CdsDependencies>{"cdsdependencies":[{"logicalname":"opportunity","componenttype":1}]}</CdsDependencies>
      <IsCustomizable>1</IsCustomizable>
      <BackgroundImageUri>/CanvasApps/saleswin_saleswindefaultcommandlibrary_24b9a_BackgroundImageUri</BackgroundImageUri>
      <DocumentUri>/CanvasApps/saleswin_saleswindefaultcommandlibrary_24b9a_DocumentUri.msapp</DocumentUri>
    </CanvasApp>
    <CanvasApp>
      <Name>saleswin_saleswin_c0947</Name>
      <AppVersion>2022-08-03T13:26:52Z</AppVersion>
      <Status>Ready</Status>
      <CreatedByClientVersion>3.22072.25.0</CreatedByClientVersion>
      <MinClientVersion>3.22072.25.0</MinClientVersion>
      <Tags>{"primaryDeviceWidth":"1366","primaryDeviceHeight":"768","supportsPortrait":"true","supportsLandscape":"true","primaryFormFactor":"Tablet","publisherVersion":"3.22072.25","minimumRequiredApiVersion":"2.2.0","hasComponent":"false","hasUnlockedComponent":"false","isUnifiedRootApp":"false","sienaVersion":"20220719T000436Z-3.22064.18.0"}</Tags>
      <IsCdsUpgraded>0</IsCdsUpgraded>
      <GalleryItemId xsi:nil="true"></GalleryItemId>
      <BackgroundColor>RGBA(0,176,240,1)</BackgroundColor>
      <DisplayName>Sales Win</DisplayName>
      <Description xsi:nil="true"></Description>
      <CommitMessage xsi:nil="true"></CommitMessage>
      <Publisher></Publisher>
      <AuthorizationReferences>[]</AuthorizationReferences>
      <ConnectionReferences>{"bdca0fd0-c523-4b9a-92b1-f3ee03b2085a":{"id":"/providers/microsoft.powerapps/apis/shared_logicflows","displayName":"Logic flows","iconUri":"https://connectoricons-prod.azureedge.net/releases/v1.0.1534/1.0.1534.2605/logicflows/icon.png","dataSources":["CloseOpptyPostTeams"],"dependencies":["590aee00-e2ba-4b8e-b162-53fd91465457","89ac6448-e380-49d3-b22d-4401f01b9718"],"dependents":[],"parameterHints":{"workflowName":{"value":"4aa01e22-e078-43dc-b3f1-25c3f88bfdb3"},"workflowEntityId":{"value":"8c876bba-3a02-ed11-82e5-000d3aae94c5"},"590aee00-e2ba-4b8e-b162-53fd91465457":{"value":"shared_commondataserviceforapps"},"89ac6448-e380-49d3-b22d-4401f01b9718":{"value":"shared_teams"}},"parameterHintsV2":{"workflowName":{"value":"4aa01e22-e078-43dc-b3f1-25c3f88bfdb3"},"workflowEntityId":{"value":"8c876bba-3a02-ed11-82e5-000d3aae94c5"},"shared_commondataserviceforapps":{"value":"590aee00-e2ba-4b8e-b162-53fd91465457"},"shared_teams":{"value":"89ac6448-e380-49d3-b22d-4401f01b9718"}},"isOnPremiseConnection":false,"bypassConsent":false,"dataSets":{},"apiTier":"Standard","actions":["Run"]},"590aee00-e2ba-4b8e-b162-53fd91465457":{"id":"/providers/microsoft.powerapps/apis/shared_commondataserviceforapps","displayName":"Microsoft Dataverse","iconUri":"https://connectoricons-prod.azureedge.net/releases/v1.0.1588/1.0.1588.2938/commondataserviceforapps/icon.png","dataSources":[],"dependencies":[],"dependents":["bdca0fd0-c523-4b9a-92b1-f3ee03b2085a"],"parameterHints":{},"parameterHintsV2":{},"isOnPremiseConnection":false,"bypassConsent":false,"dataSets":{},"apiTier":"Premium"},"89ac6448-e380-49d3-b22d-4401f01b9718":{"id":"/providers/microsoft.powerapps/apis/shared_teams","displayName":"Microsoft Teams","iconUri":"https://connectoricons-prod.azureedge.net/releases/v1.0.1588/1.0.1588.2938/teams/icon.png","dataSources":[],"dependencies":[],"dependents":["bdca0fd0-c523-4b9a-92b1-f3ee03b2085a"],"parameterHints":{},"parameterHintsV2":{},"isOnPremiseConnection":false,"bypassConsent":false,"dataSets":{},"apiTier":"Standard"}}</ConnectionReferences>
      <DatabaseReferences>{"default.cds":{"databaseDetails":{"referenceType":"Environmental","environmentName":"default.cds","overrideValues":{"status":"NotSpecified"}},"dataSources":{"Opportunities":{"entitySetName":"opportunities","logicalName":"opportunity"},"Users":{"entitySetName":"systemusers","logicalName":"systemuser"}}}}</DatabaseReferences>
      <AppComponents>[]</AppComponents>
      <AppComponentDependencies>[]</AppComponentDependencies>
      <CanConsumeAppPass>1</CanConsumeAppPass>
      <CanvasAppType>2</CanvasAppType>
      <BypassConsent>0</BypassConsent>
      <AdminControlBypassConsent>0</AdminControlBypassConsent>
      <EmbeddedApp xsi:nil="true"></EmbeddedApp>
      <IntroducedVersion>1.0</IntroducedVersion>
      <CdsDependencies>{"cdsdependencies":[{"logicalname":"opportunity","componenttype":1},{"logicalname":"systemuser","componenttype":1}]}</CdsDependencies>
      <IsCustomizable>1</IsCustomizable>
      <BackgroundImageUri>/CanvasApps/saleswin_saleswin_c0947_BackgroundImageUri</BackgroundImageUri>
      <DocumentUri>/CanvasApps/saleswin_saleswin_c0947_DocumentUri.msapp</DocumentUri>
    </CanvasApp>
  </CanvasApps>
  <connectionreferences>
    <connectionreference connectionreferencelogicalname="saleswin_MicrosoftDataverse">
      <connectionreferencedisplayname>Microsoft Dataverse</connectionreferencedisplayname>
      <connectorid>/providers/Microsoft.PowerApps/apis/shared_commondataserviceforapps</connectorid>
      <iscustomizable>1</iscustomizable>
      <statecode>0</statecode>
      <statuscode>1</statuscode>
    </connectionreference>
    <connectionreference connectionreferencelogicalname="saleswin_sharedteams_0290b">
      <connectionreferencedisplayname>Microsoft Teams SalesWin</connectionreferencedisplayname>
      <connectorid>/providers/Microsoft.PowerApps/apis/shared_teams</connectorid>
      <iscustomizable>1</iscustomizable>
      <statecode>0</statecode>
      <statuscode>1</statuscode>
    </connectionreference>
  </connectionreferences>
  <Languages>
    <Language>1033</Language>
    <Language>1044</Language>
  </Languages>
</ImportExportXml>