{
  "properties": {
    "connectionReferences": {
      "shared_commondataserviceforapps_1": {
        "runtimeSource": "embedded",
        "connection": {
          "connectionReferenceLogicalName": "saleswin_MicrosoftDataverse"
        },
        "api": {
          "name": "shared_commondataserviceforapps"
        }
      },
      "shared_teams": {
        "runtimeSource": "invoker",
        "connection": {
          "connectionReferenceLogicalName": "saleswin_sharedteams_0290b"
        },
        "api": {
          "name": "shared_teams"
        }
      }
    },
    "definition": {
      "$schema": "https://schema.management.azure.com/providers/Microsoft.Logic/schemas/2016-06-01/workflowdefinition.json#",
      "contentVersion": "1.0.0.0",
      "parameters": {
        "$connections": {
          "defaultValue": {},
          "type": "Object"
        },
        "$authentication": {
          "defaultValue": {},
          "type": "SecureObject"
        },
        "GiphyKey (saleswin_GiphyKey)": {
          "defaultValue": "taLniXsJrEYD6Jmywpuz3K22ROoSWTeh",
          "type": "String",
          "metadata": {
            "schemaName": "saleswin_GiphyKey"
          }
        }
      },
      "staticResults": {
        "Perform_a_bound_action0": {
          "status": "Succeeded",
          "outputs": {
            "statusCode": "OK",
            "headers": {}
          }
        },
        "Get_Random_GIF0": {
          "status": "Succeeded",
          "outputs": {
            "statusCode": "OK",
            "headers": {}
          }
        }
      },
      "triggers": {
        "manual": {
          "metadata": {
            "operationMetadataId": "bad50793-6019-47d4-ac9d-94d3444c99f5"
          },
          "type": "Request",
          "kind": "PowerApp",
          "inputs": {
            "schema": {
              "type": "object",
              "properties": {
                "Initializevariable_Value": {
                  "type": "any"
                },
                "Initializevariable2_Value": {
                  "type": "any"
                }
              },
              "required": [
                "Initializevariable_Value",
                "Initializevariable2_Value"
              ]
            }
          }
        }
      },
      "actions": {
        "Respond_to_a_PowerApp_or_flow": {
          "runAfter": {
            "Post_to_Teams": [
              "Succeeded"
            ]
          },
          "metadata": {
            "operationMetadataId": "57ded539-7f4f-48c3-92e2-e2cd2c5bb051"
          },
          "type": "Response",
          "kind": "PowerApp",
          "inputs": {
            "statusCode": 200,
            "body": {
              "success_": "Success ",
              "urlgif": "@body('Parse_JSON')?['data']?['images']?['original']?['url']"
            },
            "schema": {
              "type": "object",
              "properties": {
                "success_": {
                  "title": "Success ",
                  "x-ms-dynamically-added": true,
                  "type": "string"
                },
                "urlgif": {
                  "title": "URLGIF",
                  "x-ms-dynamically-added": true,
                  "type": "string"
                }
              }
            }
          }
        },
        "OpptyGUID": {
          "runAfter": {},
          "metadata": {
            "operationMetadataId": "00b5995c-13c1-46dc-840f-c9a44d26c429"
          },
          "type": "InitializeVariable",
          "inputs": {
            "variables": [
              {
                "name": "GUID",
                "type": "string",
                "value": "@{triggerBody()['Initializevariable_Value']}"
              }
            ]
          }
        },
        "PostTeamsBoolean": {
          "runAfter": {
            "OpptyGUID": [
              "Succeeded"
            ]
          },
          "metadata": {
            "operationMetadataId": "3b57580b-0b27-46ae-9745-1a37dfc93953"
          },
          "type": "InitializeVariable",
          "inputs": {
            "variables": [
              {
                "name": "PostTeams",
                "type": "boolean",
                "value": "@bool(triggerBody()['Initializevariable2_Value'])"
              }
            ]
          }
        },
        "Update_Opportunity_to_Closed": {
          "runAfter": {
            "Parse_JSON": [
              "Succeeded"
            ]
          },
          "metadata": {
            "operationMetadataId": "ae250287-847c-411b-8b78-aa844f398d00"
          },
          "type": "OpenApiConnection",
          "inputs": {
            "host": {
              "connectionName": "shared_commondataserviceforapps_1",
              "operationId": "PerformBoundAction",
              "apiId": "/providers/Microsoft.PowerApps/apis/shared_commondataserviceforapps"
            },
            "parameters": {
              "entityName": "opportunities",
              "actionName": "Microsoft.Dynamics.CRM.saleswin_ActionCloseOppty",
              "recordId": "@variables('GUID')"
            },
            "authentication": {
              "type": "Raw",
              "value": "@json(decodeBase64(triggerOutputs().headers['X-MS-APIM-Tokens']))['$ConnectionKey']"
            }
          },
          "runtimeConfiguration": {
            "staticResult": {
              "staticResultOptions": "Disabled",
              "name": "Perform_a_bound_action0"
            }
          }
        },
        "GetOpptyInfomation": {
          "runAfter": {
            "PostTeamsBoolean": [
              "Succeeded"
            ]
          },
          "metadata": {
            "operationMetadataId": "1a9c448a-c5cd-4a55-8775-9b6e84d83450"
          },
          "type": "OpenApiConnection",
          "inputs": {
            "host": {
              "connectionName": "shared_commondataserviceforapps_1",
              "operationId": "GetItem",
              "apiId": "/providers/Microsoft.PowerApps/apis/shared_commondataserviceforapps"
            },
            "parameters": {
              "entityName": "opportunities",
              "recordId": "@variables('GUID')",
              "$expand": "parentaccountid($select=name), owninguser($select=fullname, internalemailaddress), owningbusinessunit($select=saleswin_teamschannelid,saleswin_teamsid)"
            },
            "authentication": {
              "type": "Raw",
              "value": "@json(decodeBase64(triggerOutputs().headers['X-MS-APIM-Tokens']))['$ConnectionKey']"
            }
          }
        },
        "Get_Random_GIF": {
          "runAfter": {
            "GetOpptyInfomation": [
              "Succeeded"
            ]
          },
          "metadata": {
            "operationMetadataId": "7a112238-c10f-4c52-ad8c-22bc4c1d41a1"
          },
          "type": "Http",
          "inputs": {
            "method": "GET",
            "uri": "https://api.giphy.com/v1/gifs/random?api_key=@{parameters('GiphyKey (saleswin_GiphyKey)')}&tag=win"
          },
          "runtimeConfiguration": {
            "staticResult": {
              "staticResultOptions": "Disabled",
              "name": "Get_Random_GIF0"
            }
          }
        },
        "Parse_JSON": {
          "runAfter": {
            "Get_Random_GIF": [
              "Succeeded"
            ]
          },
          "metadata": {
            "operationMetadataId": "bb4cf764-72cd-4e29-acd0-a854ad07de42"
          },
          "type": "ParseJson",
          "inputs": {
            "content": "@body('Get_Random_GIF')",
            "schema": {
              "type": "object",
              "properties": {
                "data": {
                  "type": "object",
                  "properties": {
                    "type": {
                      "type": "string"
                    },
                    "id": {
                      "type": "string"
                    },
                    "url": {
                      "type": "string"
                    },
                    "slug": {
                      "type": "string"
                    },
                    "bitly_gif_url": {
                      "type": "string"
                    },
                    "bitly_url": {
                      "type": "string"
                    },
                    "embed_url": {
                      "type": "string"
                    },
                    "username": {
                      "type": "string"
                    },
                    "source": {
                      "type": "string"
                    },
                    "title": {
                      "type": "string"
                    },
                    "rating": {
                      "type": "string"
                    },
                    "content_url": {
                      "type": "string"
                    },
                    "source_tld": {
                      "type": "string"
                    },
                    "source_post_url": {
                      "type": "string"
                    },
                    "is_sticker": {
                      "type": "integer"
                    },
                    "import_datetime": {
                      "type": "string"
                    },
                    "trending_datetime": {
                      "type": "string"
                    },
                    "images": {
                      "type": "object",
                      "properties": {
                        "downsized_large": {
                          "type": "object",
                          "properties": {
                            "height": {
                              "type": "string"
                            },
                            "size": {
                              "type": "string"
                            },
                            "url": {
                              "type": "string"
                            },
                            "width": {
                              "type": "string"
                            }
                          }
                        },
                        "fixed_height_small_still": {
                          "type": "object",
                          "properties": {
                            "height": {
                              "type": "string"
                            },
                            "size": {
                              "type": "string"
                            },
                            "url": {
                              "type": "string"
                            },
                            "width": {
                              "type": "string"
                            }
                          }
                        },
                        "original": {
                          "type": "object",
                          "properties": {
                            "frames": {
                              "type": "string"
                            },
                            "hash": {
                              "type": "string"
                            },
                            "height": {
                              "type": "string"
                            },
                            "mp4": {
                              "type": "string"
                            },
                            "mp4_size": {
                              "type": "string"
                            },
                            "size": {
                              "type": "string"
                            },
                            "url": {
                              "type": "string"
                            },
                            "webp": {
                              "type": "string"
                            },
                            "webp_size": {
                              "type": "string"
                            },
                            "width": {
                              "type": "string"
                            }
                          }
                        },
                        "fixed_height_downsampled": {
                          "type": "object",
                          "properties": {
                            "height": {
                              "type": "string"
                            },
                            "size": {
                              "type": "string"
                            },
                            "url": {
                              "type": "string"
                            },
                            "webp": {
                              "type": "string"
                            },
                            "webp_size": {
                              "type": "string"
                            },
                            "width": {
                              "type": "string"
                            }
                          }
                        },
                        "downsized_still": {
                          "type": "object",
                          "properties": {
                            "height": {
                              "type": "string"
                            },
                            "size": {
                              "type": "string"
                            },
                            "url": {
                              "type": "string"
                            },
                            "width": {
                              "type": "string"
                            }
                          }
                        },
                        "fixed_height_still": {
                          "type": "object",
                          "properties": {
                            "height": {
                              "type": "string"
                            },
                            "size": {
                              "type": "string"
                            },
                            "url": {
                              "type": "string"
                            },
                            "width": {
                              "type": "string"
                            }
                          }
                        },
                        "downsized_medium": {
                          "type": "object",
                          "properties": {
                            "height": {
                              "type": "string"
                            },
                            "size": {
                              "type": "string"
                            },
                            "url": {
                              "type": "string"
                            },
                            "width": {
                              "type": "string"
                            }
                          }
                        },
                        "downsized": {
                          "type": "object",
                          "properties": {
                            "height": {
                              "type": "string"
                            },
                            "size": {
                              "type": "string"
                            },
                            "url": {
                              "type": "string"
                            },
                            "width": {
                              "type": "string"
                            }
                          }
                        },
                        "preview_webp": {
                          "type": "object",
                          "properties": {
                            "height": {
                              "type": "string"
                            },
                            "size": {
                              "type": "string"
                            },
                            "url": {
                              "type": "string"
                            },
                            "width": {
                              "type": "string"
                            }
                          }
                        },
                        "original_mp4": {
                          "type": "object",
                          "properties": {
                            "height": {
                              "type": "string"
                            },
                            "mp4": {
                              "type": "string"
                            },
                            "mp4_size": {
                              "type": "string"
                            },
                            "width": {
                              "type": "string"
                            }
                          }
                        },
                        "fixed_height_small": {
                          "type": "object",
                          "properties": {
                            "height": {
                              "type": "string"
                            },
                            "mp4": {
                              "type": "string"
                            },
                            "mp4_size": {
                              "type": "string"
                            },
                            "size": {
                              "type": "string"
                            },
                            "url": {
                              "type": "string"
                            },
                            "webp": {
                              "type": "string"
                            },
                            "webp_size": {
                              "type": "string"
                            },
                            "width": {
                              "type": "string"
                            }
                          }
                        },
                        "fixed_height": {
                          "type": "object",
                          "properties": {
                            "height": {
                              "type": "string"
                            },
                            "mp4": {
                              "type": "string"
                            },
                            "mp4_size": {
                              "type": "string"
                            },
                            "size": {
                              "type": "string"
                            },
                            "url": {
                              "type": "string"
                            },
                            "webp": {
                              "type": "string"
                            },
                            "webp_size": {
                              "type": "string"
                            },
                            "width": {
                              "type": "string"
                            }
                          }
                        },
                        "downsized_small": {
                          "type": "object",
                          "properties": {
                            "height": {
                              "type": "string"
                            },
                            "mp4": {
                              "type": "string"
                            },
                            "mp4_size": {
                              "type": "string"
                            },
                            "width": {
                              "type": "string"
                            }
                          }
                        },
                        "preview": {
                          "type": "object",
                          "properties": {
                            "height": {
                              "type": "string"
                            },
                            "mp4": {
                              "type": "string"
                            },
                            "mp4_size": {
                              "type": "string"
                            },
                            "width": {
                              "type": "string"
                            }
                          }
                        },
                        "fixed_width_downsampled": {
                          "type": "object",
                          "properties": {
                            "height": {
                              "type": "string"
                            },
                            "size": {
                              "type": "string"
                            },
                            "url": {
                              "type": "string"
                            },
                            "webp": {
                              "type": "string"
                            },
                            "webp_size": {
                              "type": "string"
                            },
                            "width": {
                              "type": "string"
                            }
                          }
                        },
                        "fixed_width_small_still": {
                          "type": "object",
                          "properties": {
                            "height": {
                              "type": "string"
                            },
                            "size": {
                              "type": "string"
                            },
                            "url": {
                              "type": "string"
                            },
                            "width": {
                              "type": "string"
                            }
                          }
                        },
                        "fixed_width_small": {
                          "type": "object",
                          "properties": {
                            "height": {
                              "type": "string"
                            },
                            "mp4": {
                              "type": "string"
                            },
                            "mp4_size": {
                              "type": "string"
                            },
                            "size": {
                              "type": "string"
                            },
                            "url": {
                              "type": "string"
                            },
                            "webp": {
                              "type": "string"
                            },
                            "webp_size": {
                              "type": "string"
                            },
                            "width": {
                              "type": "string"
                            }
                          }
                        },
                        "original_still": {
                          "type": "object",
                          "properties": {
                            "height": {
                              "type": "string"
                            },
                            "size": {
                              "type": "string"
                            },
                            "url": {
                              "type": "string"
                            },
                            "width": {
                              "type": "string"
                            }
                          }
                        },
                        "fixed_width_still": {
                          "type": "object",
                          "properties": {
                            "height": {
                              "type": "string"
                            },
                            "size": {
                              "type": "string"
                            },
                            "url": {
                              "type": "string"
                            },
                            "width": {
                              "type": "string"
                            }
                          }
                        },
                        "looping": {
                          "type": "object",
                          "properties": {
                            "mp4": {
                              "type": "string"
                            },
                            "mp4_size": {
                              "type": "string"
                            }
                          }
                        },
                        "fixed_width": {
                          "type": "object",
                          "properties": {
                            "height": {
                              "type": "string"
                            },
                            "mp4": {
                              "type": "string"
                            },
                            "mp4_size": {
                              "type": "string"
                            },
                            "size": {
                              "type": "string"
                            },
                            "url": {
                              "type": "string"
                            },
                            "webp": {
                              "type": "string"
                            },
                            "webp_size": {
                              "type": "string"
                            },
                            "width": {
                              "type": "string"
                            }
                          }
                        },
                        "preview_gif": {
                          "type": "object",
                          "properties": {
                            "height": {
                              "type": "string"
                            },
                            "size": {
                              "type": "string"
                            },
                            "url": {
                              "type": "string"
                            },
                            "width": {
                              "type": "string"
                            }
                          }
                        },
                        "480w_still": {
                          "type": "object",
                          "properties": {
                            "url": {
                              "type": "string"
                            },
                            "width": {
                              "type": "string"
                            },
                            "height": {
                              "type": "string"
                            }
                          }
                        }
                      }
                    },
                    "user": {
                      "type": "object",
                      "properties": {
                        "avatar_url": {
                          "type": "string"
                        },
                        "banner_image": {
                          "type": "string"
                        },
                        "banner_url": {
                          "type": "string"
                        },
                        "profile_url": {
                          "type": "string"
                        },
                        "username": {
                          "type": "string"
                        },
                        "display_name": {
                          "type": "string"
                        },
                        "description": {
                          "type": "string"
                        },
                        "is_verified": {
                          "type": "boolean"
                        },
                        "website_url": {
                          "type": "string"
                        },
                        "instagram_url": {
                          "type": "string"
                        }
                      }
                    }
                  }
                },
                "meta": {
                  "type": "object",
                  "properties": {
                    "msg": {
                      "type": "string"
                    },
                    "status": {
                      "type": "integer"
                    },
                    "response_id": {
                      "type": "string"
                    }
                  }
                }
              }
            }
          }
        },
        "Post_to_Teams": {
          "actions": {
            "Get_an_@mention_token_for_a_user": {
              "runAfter": {},
              "metadata": {
                "operationMetadataId": "a3796a28-1673-4cf0-98b9-bf9509de92da"
              },
              "type": "OpenApiConnection",
              "inputs": {
                "host": {
                  "connectionName": "shared_teams",
                  "operationId": "AtMentionUser",
                  "apiId": "/providers/Microsoft.PowerApps/apis/shared_teams"
                },
                "parameters": {
                  "userId": "@outputs('GetOpptyInfomation')?['body/owninguser/internalemailaddress']"
                },
                "authentication": {
                  "type": "Raw",
                  "value": "@json(decodeBase64(triggerOutputs().headers['X-MS-APIM-Tokens']))['$ConnectionKey']"
                }
              }
            },
            "Post_adaptive_card_in_a_chat_or_channel": {
              "runAfter": {
                "Get_an_@mention_token_for_a_user": [
                  "Succeeded"
                ]
              },
              "metadata": {
                "operationMetadataId": "dd42bbc6-d593-49a7-89ac-e83499a618de"
              },
              "type": "OpenApiConnection",
              "inputs": {
                "host": {
                  "connectionName": "shared_teams",
                  "operationId": "PostCardToConversation",
                  "apiId": "/providers/Microsoft.PowerApps/apis/shared_teams"
                },
                "parameters": {
                  "poster": "Flow bot",
                  "location": "Channel",
                  "body/recipient/groupId": "@outputs('GetOpptyInfomation')?['body/owningbusinessunit/saleswin_teamsid']",
                  "body/recipient/channelId": "@outputs('GetOpptyInfomation')?['body/owningbusinessunit/saleswin_teamschannelid']",
                  "body/messageBody": "{\n    \"$schema\": \"http://adaptivecards.io/schemas/adaptive-card.json\",\n    \"type\": \"AdaptiveCard\",\n    \"version\": \"1.2\",\n    \"body\": [\n        {\n            \"speak\": \"Sales Morale Boost\",\n            \"type\": \"ColumnSet\",\n            \"columns\": [\n                {\n                    \"type\": \"Column\",\n                    \"width\": 8,\n                    \"items\": [\n                        {\n                            \"type\": \"TextBlock\",\n                            \"text\": \"🚨WIN ALERT🚨\",\n                            \"weight\": \"Bolder\",\n                            \"size\": \"ExtraLarge\",\n                            \"spacing\": \"None\",\n                            \"wrap\": true,\n                            \"horizontalAlignment\": \"Center\",\n                            \"color\": \"Attention\",\n                            \"fontType\": \"Default\"\n                        },\n                        {\n                            \"type\": \"TextBlock\",\n                            \"text\": \"@{outputs('GetOpptyInfomation')?['body/name']}\",\n                            \"wrap\": true,\n                            \"size\": \"Large\",\n                            \"weight\": \"Bolder\",\n                            \"horizontalAlignment\": \"Center\"\n                        },\n                        {\n                            \"type\": \"ColumnSet\",\n                            \"columns\": [\n                                {\n                                    \"type\": \"Column\",\n                                    \"width\": 25,\n                                    \"items\": [\n                                        {\n                                            \"type\": \"TextBlock\",\n                                            \"text\": \"🏠 Kunde\",\n                                            \"wrap\": true,\n                                            \"size\": \"Large\",\n                                            \"weight\": \"Bolder\",\n                                            \"horizontalAlignment\": \"Right\"\n                                        },\n                                        {\n                                            \"type\": \"TextBlock\",\n                                            \"text\": \"💲 Verdi\",\n                                            \"wrap\": true,\n                                            \"size\": \"Large\",\n                                            \"weight\": \"Bolder\",\n                                            \"horizontalAlignment\": \"Right\"\n                                        },\n                                        {\n                                            \"type\": \"TextBlock\",\n                                            \"text\": \"👩‍🦲 Selger\",\n                                            \"wrap\": true,\n                                            \"size\": \"Large\",\n                                            \"weight\": \"Bolder\",\n                                            \"horizontalAlignment\": \"Right\"\n                                        }\n                                    ]\n                                },\n                                {\n                                    \"type\": \"Column\",\n                                    \"width\": 50,\n                                    \"items\": [\n                                        {\n                                            \"type\": \"TextBlock\",\n                                            \"text\": \"@{outputs('GetOpptyInfomation')?['body/parentaccountid/name']}\",\n                                            \"size\": \"Large\",\n                                            \"weight\": \"Bolder\"\n                                        },\n                                        {\n                                            \"type\": \"TextBlock\",\n                                            \"text\": \"@{outputs('GetOpptyInfomation')?['body/actualvalue']}\",\n                                            \"weight\": \"Bolder\",\n                                            \"size\": \"Large\"\n                                        },\n                                        {\n                                            \"type\": \"TextBlock\",\n                                            \"text\": \"@{outputs('Get_an_@mention_token_for_a_user')?['body/atMention']}\",\n                                            \"weight\": \"Bolder\",\n                                            \"size\": \"Large\"\n                                        }\n                                    ]\n                                }\n                            ]\n                        }\n                    ]\n                }\n            ]\n        },\n        {\n            \"type\": \"Image\",\n            \"url\": \"@{body('Parse_JSON')?['data']?['images']?['original']?['url']}\",\n            \"horizontalAlignment\": \"Center\"\n        }\n    ]\n}"
                },
                "authentication": {
                  "type": "Raw",
                  "value": "@json(decodeBase64(triggerOutputs().headers['X-MS-APIM-Tokens']))['$ConnectionKey']"
                }
              }
            }
          },
          "runAfter": {
            "Update_Opportunity_to_Closed": [
              "Succeeded"
            ]
          },
          "expression": {
            "equals": [
              "@variables('PostTeams')",
              "@true"
            ]
          },
          "metadata": {
            "operationMetadataId": "e3ca007e-ccda-4c39-9e9c-8f2fbc9dab29"
          },
          "type": "If"
        }
      }
    }
  },
  "schemaVersion": "1.0.0.0"
}