<appaction uniquename="saleswin__SalesWin!0023f223d7f04c0fb22425d7f660dafa!saleswin_SalesWin!opportunity!0">
  <appmoduleid>
    <uniquename>saleswin_SalesWin</uniquename>
  </appmoduleid>
  <buttonlabeltext default="Close as Won">
    <label description="Close as Won" languagecode="1033" />
  </buttonlabeltext>
  <buttonsequencepriority>2000001.5000000000</buttonsequencepriority>
  <context>1</context>
  <contextentity>
    <logicalname>opportunity</logicalname>
  </contextentity>
  <contextvalue>opportunity</contextvalue>
  <hidden>0</hidden>
  <iconwebresourceid>
    <webresourceid>a6356bfd-edfb-ec11-82e5-0022489a4957</webresourceid>
  </iconwebresourceid>
  <iscustomizable>1</iscustomizable>
  <isgrouptitlehidden>0</isgrouptitlehidden>
  <location>0</location>
  <name>SalesWin!0023f223d7f04c0fb22425d7f660dafa</name>
  <onclickeventjavascriptfunctionname>CloseWON</onclickeventjavascriptfunctionname>
  <onclickeventjavascriptparameters>[{"type":5}]</onclickeventjavascriptparameters>
  <onclickeventjavascriptwebresourceid>
    <webresourceid>7851935f-edfb-ec11-82e5-0022489a4957</webresourceid>
  </onclickeventjavascriptwebresourceid>
  <onclickeventtype>2</onclickeventtype>
  <statecode>0</statecode>
  <statuscode>1</statuscode>
  <type>0</type>
  <visibilityformulacomponentlibraryid>
    <name>saleswin_saleswindefaultcommandlibrary_24b9a</name>
  </visibilityformulacomponentlibraryid>
  <visibilityformulacomponentname>6b7ed768eb0142bd9b68be7c692864c1</visibilityformulacomponentname>
  <visibilityformulafunctionname>Visible</visibilityformulafunctionname>
  <visibilitytype>1</visibilitytype>
</appaction>